{
  "samples": 100,
  "label_matches": 100,
  "label_match_pct": 100.0,
  "max_prob_diff": 1.1920928955078125e-07,
  "mean_prob_diff": 3.114342561616468e-08,
  "passed": true
}